Commit on Sun Jul  6 09:49:12 UTC 2025
Commit on Mon Jul  7 03:26:28 UTC 2025
Commit on Tue Jul  8 03:21:19 UTC 2025
Commit on Wed Jul  9 03:24:00 UTC 2025
Commit on Thu Jul 10 03:23:50 UTC 2025
Commit on Fri Jul 11 03:38:27 UTC 2025
Commit on Sat Jul 12 03:26:46 UTC 2025
Commit on Sun Jul 13 03:41:38 UTC 2025
Commit on Mon Jul 14 03:42:35 UTC 2025
Commit on Tue Jul 15 03:39:59 UTC 2025
Commit on Wed Jul 16 03:37:49 UTC 2025
Commit on Thu Jul 17 03:37:39 UTC 2025
Commit on Fri Jul 18 03:39:53 UTC 2025
Commit on Sat Jul 19 03:24:31 UTC 2025
Commit on Sun Jul 20 03:47:09 UTC 2025
Commit on Mon Jul 21 03:45:51 UTC 2025
Commit on Tue Jul 22 03:39:29 UTC 2025
Commit on Wed Jul 23 03:41:04 UTC 2025
Commit on Thu Jul 24 03:39:31 UTC 2025
Commit on Fri Jul 25 03:39:53 UTC 2025
Commit on Sat Jul 26 03:36:22 UTC 2025
Commit on Sun Jul 27 03:48:21 UTC 2025
Commit on Mon Jul 28 03:47:15 UTC 2025
Commit on Tue Jul 29 03:50:10 UTC 2025
Commit on Wed Jul 30 03:44:38 UTC 2025
Commit on Thu Jul 31 03:43:21 UTC 2025
Commit on Fri Aug  1 03:56:49 UTC 2025
Commit on Sat Aug  2 03:35:12 UTC 2025
Commit on Sun Aug  3 03:51:56 UTC 2025
Commit on Mon Aug  4 03:57:19 UTC 2025
Commit on Tue Aug  5 03:48:50 UTC 2025
Commit on Wed Aug  6 03:45:56 UTC 2025
Commit on Thu Aug  7 03:45:59 UTC 2025
Commit on Fri Aug  8 03:45:32 UTC 2025
Commit on Sat Aug  9 03:21:49 UTC 2025
Commit on Sun Aug 10 03:45:00 UTC 2025
Commit on Mon Aug 11 03:45:04 UTC 2025
Commit on Tue Aug 12 03:19:01 UTC 2025
Commit on Wed Aug 13 03:22:01 UTC 2025
Commit on Thu Aug 14 03:22:06 UTC 2025
Commit on Fri Aug 15 03:23:16 UTC 2025
Commit on Sat Aug 16 03:16:23 UTC 2025
Commit on Sun Aug 17 03:27:09 UTC 2025
Commit on Mon Aug 18 03:40:35 UTC 2025
Commit on Tue Aug 19 03:12:01 UTC 2025
Commit on Wed Aug 20 03:10:00 UTC 2025
Commit on Thu Aug 21 03:09:04 UTC 2025
Commit on Fri Aug 22 03:09:55 UTC 2025
Commit on Sat Aug 23 03:04:04 UTC 2025
Commit on Sun Aug 24 03:20:38 UTC 2025
Commit on Mon Aug 25 03:17:07 UTC 2025
Commit on Tue Aug 26 03:11:00 UTC 2025
Commit on Wed Aug 27 03:03:42 UTC 2025
Commit on Thu Aug 28 03:03:39 UTC 2025
Commit on Fri Aug 29 03:03:33 UTC 2025
Commit on Sat Aug 30 02:57:28 UTC 2025
Commit on Sun Aug 31 03:08:13 UTC 2025
Commit on Mon Sep  1 03:22:52 UTC 2025
Commit on Tue Sep  2 03:07:38 UTC 2025
Commit on Wed Sep  3 02:55:55 UTC 2025
Commit on Thu Sep  4 02:56:50 UTC 2025
Commit on Fri Sep  5 02:59:50 UTC 2025
Commit on Sat Sep  6 02:55:02 UTC 2025
Commit on Sun Sep  7 03:03:58 UTC 2025
Commit on Mon Sep  8 03:07:50 UTC 2025
Commit on Tue Sep  9 03:02:33 UTC 2025
Commit on Wed Sep 10 02:56:33 UTC 2025
Commit on Thu Sep 11 03:01:13 UTC 2025
Commit on Fri Sep 12 02:56:00 UTC 2025
Commit on Sat Sep 13 02:49:20 UTC 2025
Commit on Sun Sep 14 03:03:26 UTC 2025
Commit on Mon Sep 15 03:08:58 UTC 2025
Commit on Tue Sep 16 02:57:16 UTC 2025
Commit on Wed Sep 17 02:56:39 UTC 2025
Commit on Thu Sep 18 02:58:19 UTC 2025
Commit on Fri Sep 19 03:02:01 UTC 2025
Commit on Sat Sep 20 02:55:10 UTC 2025
Commit on Sun Sep 21 03:09:02 UTC 2025
Commit on Mon Sep 22 03:08:53 UTC 2025
Commit on Tue Sep 23 02:59:05 UTC 2025
Commit on Wed Sep 24 03:00:01 UTC 2025
Commit on Thu Sep 25 03:02:57 UTC 2025
Commit on Fri Sep 26 03:01:46 UTC 2025
Commit on Sat Sep 27 02:55:36 UTC 2025
Commit on Sun Sep 28 03:09:48 UTC 2025
Commit on Mon Sep 29 03:05:37 UTC 2025
Commit on Tue Sep 30 02:59:15 UTC 2025
Commit on Wed Oct  1 03:13:02 UTC 2025
Commit on Thu Oct  2 02:58:15 UTC 2025
Commit on Fri Oct  3 02:57:56 UTC 2025
Commit on Sat Oct  4 02:52:22 UTC 2025
Commit on Sun Oct  5 03:08:50 UTC 2025
Commit on Mon Oct  6 03:03:00 UTC 2025
Commit on Mon Oct  6 06:13:53 UTC 2025
Commit on Mon Oct  6 06:16:53 UTC 2025
Commit on Mon Oct  6 06:17:08 UTC 2025
Commit on Mon Oct  6 06:17:20 UTC 2025
Commit on Mon Oct  6 06:18:12 UTC 2025
Commit on Mon Oct  6 06:18:19 UTC 2025
Commit on Mon Oct  6 06:20:25 UTC 2025
Commit on Mon Oct  6 06:20:49 UTC 2025
Commit on Mon Oct  6 06:21:28 UTC 2025
Commit on Tue Oct  7 02:59:02 UTC 2025
Commit on Wed Oct  8 02:59:02 UTC 2025
Commit on Thu Oct  9 03:01:35 UTC 2025
Commit on Fri Oct 10 03:02:03 UTC 2025
Commit on Sat Oct 11 02:54:42 UTC 2025
Commit on Sun Oct 12 03:03:45 UTC 2025
Commit on Mon Oct 13 03:11:46 UTC 2025
Commit on Tue Oct 14 03:02:18 UTC 2025
Commit on Wed Oct 15 03:05:59 UTC 2025
Commit on Thu Oct 16 03:04:45 UTC 2025
Commit on Fri Oct 17 03:02:54 UTC 2025
Commit on Sat Oct 18 02:56:26 UTC 2025
Commit on Sun Oct 19 03:18:00 UTC 2025
Commit on Mon Oct 20 03:17:31 UTC 2025
Commit on Tue Oct 21 03:07:12 UTC 2025
Commit on Wed Oct 22 03:12:53 UTC 2025
Commit on Thu Oct 23 03:05:03 UTC 2025
Commit on Fri Oct 24 03:01:46 UTC 2025
Commit on Sat Oct 25 03:03:56 UTC 2025
Commit on Sun Oct 26 03:12:09 UTC 2025
Commit on Mon Oct 27 03:21:59 UTC 2025
Commit on Tue Oct 28 03:09:14 UTC 2025
Commit on Wed Oct 29 03:17:32 UTC 2025
Commit on Thu Oct 30 03:13:10 UTC 2025
Commit on Fri Oct 31 03:12:39 UTC 2025
Commit on Sat Nov  1 03:13:31 UTC 2025
Commit on Sun Nov  2 03:17:29 UTC 2025
Commit on Mon Nov  3 03:19:26 UTC 2025
Commit on Tue Nov  4 03:12:06 UTC 2025
Commit on Wed Nov  5 03:13:36 UTC 2025
Commit on Thu Nov  6 03:16:15 UTC 2025
Commit on Fri Nov  7 03:12:40 UTC 2025
Commit on Sat Nov  8 03:04:32 UTC 2025
Commit on Sun Nov  9 03:15:22 UTC 2025
Commit on Mon Nov 10 03:21:20 UTC 2025
Commit on Tue Nov 11 03:15:56 UTC 2025
Commit on Wed Nov 12 03:14:13 UTC 2025
Commit on Thu Nov 13 03:17:03 UTC 2025
Commit on Fri Nov 14 03:15:24 UTC 2025
Commit on Sat Nov 15 03:09:18 UTC 2025
Commit on Sun Nov 16 03:20:36 UTC 2025
Commit on Mon Nov 17 03:18:29 UTC 2025
Commit on Tue Nov 18 03:14:39 UTC 2025
